{
  "name": "cyan_concrete",
  "settings": {
    "imitate": "minecraft:cyan_concrete"
  },
  "items_to_include": [
    "minecraft:cyan_concrete"
  ],
  "variants": {
    "new": [
      {
        "names": [
          "array",
          "braid",
          "chaotic_bricks",
          "chaotic_medium",
          "chaotic_small",
          "circular",
          "cracked",
          "cracked_bricks",
          "cuts",
          "dent",
          "encased_bricks",
          "french_1",
          "french_2",
          "jellybean",
          "layers",
          "mosaic",
          "ornate",
          "panel",
          "pillar-side",
          "pillar-top",
          "prism",
          "raw",
          "road",
          "slanted",
          "small_bricks",
          "soft_bricks",
          "solid_bricks",
          "tiles_large",
          "tiles_medium",
          "tiles_small",
          "triple_bricks",
          "twisted-side",
          "twisted-top",
          "weaver",
          "zag"
        ],
        "transparent": false
      }
    ]
  }
}
