{
  "name": "dark_oak_planks",
  "settings": {
    "imitate": "minecraft:dark_oak_planks"
  },
  "items_to_include": [
    "minecraft:dark_oak_planks"
  ],
  "variants": {
    "new": [
      {
        "names": [
          "braced_planks-side",
          "braid",
          "crude_horizontal_planks",
          "crude_paneling",
          "crude_vertical_planks",
          "encased_large_planks",
          "encased_planks",
          "encased_smooth",
          "large_planks",
          "log_bordered",
          "paneling",
          "shipping_crate",
          "smooth",
          "stacked",
          "vertical_planks"
        ],
        "transparent": false
      }
    ]
  }
}
