{
  "name": "dirt",
  "settings": {
    "imitate": "minecraft:dirt"
  },
  "items_to_include": [
    "minecraft:dirt"
  ],
  "variants": {
    "new": [
      {
        "names": [
          "brick4",
          "bricks",
          "bricks2",
          "bricks3",
          "chunky",
          "cobble",
          "happy",
          "hor-top",
          "horizontal",
          "layers",
          "netherbricks",
          "plate",
          "reinforced",
          "reinforced2",
          "vert",
          "vertical"
        ],
        "transparent": false
      }
    ]
  }
}
